code_major,name_major
astro-ph,Astrophysics
cond-mat,Condensed Matter
cs,Computer science
econ.EM,Econometrics
eess,Electrical Engineering and Systems Science
gr-qc,General Relativity and Quantum Cosmology
hep,High Energy Physics
math,Mathematics
nlin,Nonlinear Sciences
physics,Physics
q-bio,Quantitative Biology
q-fin,Quantitative Finance
quant-ph,Quantum Physics
stat,Statistics